feature,importance,raw_weight
age,0.6442679073714118,0.6442679073714118
length_of_stay_days,0.36013235926811055,-0.36013235926811055
avg_glucose,0.2133266963836816,-0.2133266963836816
avg_creatinine,0.12437353090175984,0.12437353090175984
avg_platelets,0.08244862446910581,-0.08244862446910581
sex__M,0.0816110426832254,0.0816110426832254
sex__F,0.07935457069305481,-0.07935457069305481
avg_hemo,0.05810335588875416,0.05810335588875416
avg_wbc,0.02764998170235307,-0.02764998170235307
