split,auc_roc,avg_precision,f1,accuracy,confusion_matrix
val,0.6722222222222223,0.32542150144950444,0.34285714285714286,0.640625,"[[35, 19], [4, 6]]"
test,0.5563725490196078,0.17683260462865724,0.2857142857142857,0.5,"[[32, 36], [4, 8]]"
